{
    "num_artists": 330,
    "artists": [
        {
            "artist_name": "Elevic",
            "artist_uri": "spotify:artist:6xa5BBKqRqJHyXK8ie5Y3x",
            "genres": [
                "complextro"
            ]
        },
        {
            "artist_name": "Auto-Auto",
            "artist_uri": "spotify:artist:6AwJVvbGDd8jwqstWbZGcA",
            "genres": [
                "neo-synthpop",
                "swedish synthpop"
            ]
        },
        {
            "artist_name": "Esone",
            "artist_uri": "spotify:artist:55llKETqzfRVXim8UpIb2h",
            "genres": [
                "bboy"
            ]
        },
        {
            "artist_name": "Jay-Roc & Jakebeatz",
            "artist_uri": "spotify:artist:4A8FlLWFtTJiGW4iwPxnUz",
            "genres": [
                "bboy"
            ]
        },
        {
            "artist_name": "Vim Cortez",
            "artist_uri": "spotify:artist:1sKTL1qPuGA9PKC7douOJU",
            "genres": [
                "bboy"
            ]
        },
        {
            "artist_name": "DJ Caspa",
            "artist_uri": "spotify:artist:4HdsD0kAs6wjjAz73lPUnt",
            "genres": [
                "bboy"
            ]
        },
        {
            "artist_name": "The Beat Crush",
            "artist_uri": "spotify:artist:1nvSsSMZWyDVNElcFPG2yV",
            "genres": [
                "bboy"
            ]
        },
        {
            "artist_name": "Amadeo 85",
            "artist_uri": "spotify:artist:6DysNScISi8S2zD86yvGcI",
            "genres": [
                "bboy"
            ]
        },
        {
            "artist_name": "Dirty Boi Vets",
            "artist_uri": "spotify:artist:71NvONaPVko4gmopVqzOFX",
            "genres": [
                "military rap"
            ]
        },
        {
            "artist_name": "The Coffin Nails",
            "artist_uri": "spotify:artist:1Fy7MBBPNchLQhDFPsmi82",
            "genres": [
                "psychobilly"
            ]
        },
        {
            "artist_name": "Do It!",
            "artist_uri": "spotify:artist:0Fd0EMb6K5nTMIGZcHDZVH",
            "genres": [
                "fake"
            ]
        },
        {
            "artist_name": "PH e Michel",
            "artist_uri": "spotify:artist:2K4WKKLOh0k8NwbzDRgIqi",
            "genres": [
                "sertanejo pop",
                "sertanejo universitario"
            ]
        },
        {
            "artist_name": "Lucas & Luan",
            "artist_uri": "spotify:artist:4hf3pvwti9psHa3044g7M1",
            "genres": [
                "sertanejo",
                "sertanejo universitario"
            ]
        },
        {
            "artist_name": "J\u00f3hann G. J\u00f3hannsson",
            "artist_uri": "spotify:artist:0RqIhU9uZbp4utEW5OAu4Y",
            "genres": [
                "classic icelandic pop"
            ]
        },
        {
            "artist_name": "Simone Denny",
            "artist_uri": "spotify:artist:5iksvBurqxFh3zWac6GZGs",
            "genres": [
                "deep vocal house"
            ]
        },
        {
            "artist_name": "Dr. Bacon",
            "artist_uri": "spotify:artist:4UwD3zd2hpJPw2GPNnxbS0",
            "genres": [
                "asheville indie"
            ]
        },
        {
            "artist_name": "Giorgio Mirto",
            "artist_uri": "spotify:artist:7KJkAtle57BveN0Vj7m5s0",
            "genres": [
                "italian classical guitar"
            ]
        },
        {
            "artist_name": "Tango Ballroom Orchestra Alfred Hause",
            "artist_uri": "spotify:artist:0884K1XaQjdmSBIBDLQLMF",
            "genres": [
                "ballroom"
            ]
        },
        {
            "artist_name": "Jazz Workout Band",
            "artist_uri": "spotify:artist:2qscyWIH5xXX0dBBDahvDn",
            "genres": [
                "workout product"
            ]
        },
        {
            "artist_name": "The Tombstones",
            "artist_uri": "spotify:artist:6uVbpOfvROYUxzZat2CZSc",
            "genres": [
                "swamp rock"
            ]
        },
        {
            "artist_name": "Olga Podluzhnaya",
            "artist_uri": "spotify:artist:6aN0SpxKkrtVx24RI1DYaj",
            "genres": [
                "jaw harp",
                "siberian folk"
            ]
        },
        {
            "artist_name": "Daniel Paez",
            "artist_uri": "spotify:artist:1witCnGR6UClj9TL7qLNxG",
            "genres": [
                "ecuadorian pop"
            ]
        },
        {
            "artist_name": "Oka Ortega",
            "artist_uri": "spotify:artist:5vzJBQ0WPcy8ReksXRm0kX",
            "genres": [
                "egyptian pop",
                "mahraganat"
            ]
        },
        {
            "artist_name": "\u0645\u062d\u0645\u0648\u062f \u0627\u0644\u0644\u064a\u062b\u064a",
            "artist_uri": "spotify:artist:1shZsn79E40wBbVqTYy1Pr",
            "genres": [
                "mahraganat",
                "shaabi"
            ]
        },
        {
            "artist_name": "Ji\u0159\u00ed Grossmann",
            "artist_uri": "spotify:artist:39NWWxjIGgaTbOKbJMo522",
            "genres": [
                "classic czech pop",
                "czech folk",
                "mluvene slovo"
            ]
        },
        {
            "artist_name": "Brian Melo",
            "artist_uri": "spotify:artist:2cqVxp1gQUIIEAV2RLk8eR",
            "genres": [
                "canadian pop"
            ]
        },
        {
            "artist_name": "Richard Gilewitz",
            "artist_uri": "spotify:artist:5SBWblYsPkbPH7H5CdUwmY",
            "genres": [
                "fingerstyle"
            ]
        },
        {
            "artist_name": "Hal Payne",
            "artist_uri": "spotify:artist:3EDJrBVQ7kvH0RPd1XfE0E",
            "genres": [
                "rhythm and boogie"
            ]
        },
        {
            "artist_name": "John Fred and His Playboys",
            "artist_uri": "spotify:artist:0F9aS8gskv7xmWKCKd2hd6",
            "genres": [
                "swamp pop"
            ]
        },
        {
            "artist_name": "Suvi Suresh",
            "artist_uri": "spotify:artist:2AoYjyNz9baiHEWflBEOjA",
            "genres": [
                "filmi"
            ]
        },
        {
            "artist_name": "Mark Kroos",
            "artist_uri": "spotify:artist:2pOLYuxb1wwCu8bmXyhhEb",
            "genres": [
                "instrumental acoustic guitar"
            ]
        },
        {
            "artist_name": "Lil Young",
            "artist_uri": "spotify:artist:6OJ1GQ2dP0EHWt3PbrpuI5",
            "genres": [
                "texas latin rap"
            ]
        },
        {
            "artist_name": "Erika Henningsen",
            "artist_uri": "spotify:artist:3hjgA2bJfvsFAbHNM60dvG",
            "genres": [
                "broadway",
                "hollywood",
                "show tunes"
            ]
        },
        {
            "artist_name": "Soda Gardocki",
            "artist_uri": "spotify:artist:6PEGTN5fxHU4cb2FONPBgu",
            "genres": [
                "deathgrass"
            ]
        },
        {
            "artist_name": "Barry Kirwan",
            "artist_uri": "spotify:artist:3vqKihCfr8TcILoMPBbSAl",
            "genres": [
                "irish country"
            ]
        },
        {
            "artist_name": "Adrian Martinez",
            "artist_uri": "spotify:artist:48DVpG4PHGRGBpZpkWKEVx",
            "genres": [
                "punta"
            ]
        },
        {
            "artist_name": "Paul Santino Nabor",
            "artist_uri": "spotify:artist:62jriqZkIGeS1ZB9e2LGqy",
            "genres": [
                "punta"
            ]
        },
        {
            "artist_name": "Junie Aranda",
            "artist_uri": "spotify:artist:72CtbsYIDfXfsoN97xNgfX",
            "genres": [
                "garifuna folk",
                "punta"
            ]
        },
        {
            "artist_name": "Paul Nabor",
            "artist_uri": "spotify:artist:6tgxvgeQ8Z8FboSzvet2y3",
            "genres": [
                "garifuna folk",
                "punta"
            ]
        },
        {
            "artist_name": "Jursino Cayetano",
            "artist_uri": "spotify:artist:22gFEgeFOO4PqK2OoOEWEq",
            "genres": [
                "garifuna folk",
                "punta"
            ]
        },
        {
            "artist_name": "Lugua Centeno",
            "artist_uri": "spotify:artist:51eowfE0vA7tT8mC2MUiJP",
            "genres": [
                "punta"
            ]
        },
        {
            "artist_name": "Nicho Flores",
            "artist_uri": "spotify:artist:6saLohlFKBfWPYxMZcDwFb",
            "genres": [
                "garifuna folk"
            ]
        },
        {
            "artist_name": "The Singing Loins",
            "artist_uri": "spotify:artist:3sjjPc1PQ4dSqiGK7UjmHI",
            "genres": [
                "medway sound"
            ]
        },
        {
            "artist_name": "Young Lyrix",
            "artist_uri": "spotify:artist:3SOWOG7i0j9eDl3gD3Poi2",
            "genres": [
                "winnipeg hip hop"
            ]
        },
        {
            "artist_name": "Mawa Traor\u00e9",
            "artist_uri": "spotify:artist:1pKmbn84WTUIRvTRcqMkx3",
            "genres": [
                "musique mandingue",
                "zouglou"
            ]
        },
        {
            "artist_name": "Lele Demba Diarra",
            "artist_uri": "spotify:artist:5riTtZSwsuQBhxvLBbmj5X",
            "genres": [
                "musique soninke"
            ]
        },
        {
            "artist_name": "Kome Djanka Diarra",
            "artist_uri": "spotify:artist:03nHo62zZLmWudev8pfFr3",
            "genres": [
                "musique soninke"
            ]
        },
        {
            "artist_name": "Drissa Kone",
            "artist_uri": "spotify:artist:5paHEnhATLAwUJm25hCN7R",
            "genres": [
                "african percussion",
                "djembe",
                "malian traditional"
            ]
        },
        {
            "artist_name": "Yaya el Bangou",
            "artist_uri": "spotify:artist:5JE3yUtgjDLoqkh7gXrXO8",
            "genres": [
                "guinean pop"
            ]
        },
        {
            "artist_name": "Baba Salah",
            "artist_uri": "spotify:artist:3j8DC8DqKKkTdcyEpAjfCh",
            "genres": [
                "mande pop"
            ]
        },
        {
            "artist_name": "Downhaul",
            "artist_uri": "spotify:artist:5g4PKgeQwXYLTktYSIYPXR",
            "genres": [
                "diy emo"
            ]
        },
        {
            "artist_name": "innaSelf",
            "artist_uri": "spotify:artist:7yr7LlTEthSokiEY4OEahs",
            "genres": [
                "sambass"
            ]
        },
        {
            "artist_name": "Weird Paul Petroskey",
            "artist_uri": "spotify:artist:33ZZIld0Em3663vIiDsOGr",
            "genres": [
                "outsider"
            ]
        },
        {
            "artist_name": "Misshin",
            "artist_uri": "spotify:artist:2arhKY86RxAK81JChtDwJ2",
            "genres": [
                "filthstep"
            ]
        },
        {
            "artist_name": "Wobad",
            "artist_uri": "spotify:artist:5d33giFWCh3Qs3RTNtM7Dm",
            "genres": [
                "deathstep"
            ]
        },
        {
            "artist_name": "APM Kids Holiday Crew",
            "artist_uri": "spotify:artist:6if9wWOOtS7Vv6PnDJtUmL",
            "genres": [
                "kids dance party"
            ]
        },
        {
            "artist_name": "De Damrakkertjes",
            "artist_uri": "spotify:artist:46LhiP5SPeewnIAcb4pTkg",
            "genres": [
                "muziek voor kinderen"
            ]
        },
        {
            "artist_name": "Yoskar",
            "artist_uri": "spotify:artist:6M86AdJ0IDH8tRhnxhLRoj",
            "genres": [
                "bachata",
                "bachata dominicana",
                "dominican pop",
                "latin",
                "tropical"
            ]
        },
        {
            "artist_name": "Ullrich B\u00f6hme",
            "artist_uri": "spotify:artist:7LmfHTfvAS7JBUcydy8E8z",
            "genres": [
                "classical organ"
            ]
        },
        {
            "artist_name": "Adriel Music",
            "artist_uri": "spotify:artist:1ydbuMfW7J6B3pPopRSDJb",
            "genres": [
                "dominican indie"
            ]
        },
        {
            "artist_name": "Cleanup",
            "artist_uri": "spotify:artist:23fXHAxFJbpsyljHsR7ZA4",
            "genres": [
                "fort worth indie",
                "instrumental math rock"
            ]
        },
        {
            "artist_name": "Jim Malcolm",
            "artist_uri": "spotify:artist:4RQYM5iZrAKM6MYPs7avdd",
            "genres": [
                "scottish folk"
            ]
        },
        {
            "artist_name": "John Strachan",
            "artist_uri": "spotify:artist:3prXt8Nk9NeIDw2NNvBJE4",
            "genres": [
                "bothy ballad"
            ]
        },
        {
            "artist_name": "The Shee",
            "artist_uri": "spotify:artist:0HPm3RqvwoRS82qmLFmKFg",
            "genres": [
                "scottish folk",
                "traditional british folk"
            ]
        },
        {
            "artist_name": "Filska",
            "artist_uri": "spotify:artist:4ZkXypzKG3FN6IKEIq6Vzw",
            "genres": [
                "orkney and shetland folk",
                "scottish folk"
            ]
        },
        {
            "artist_name": "Les Olivensteins",
            "artist_uri": "spotify:artist:188Sg6UgTUS0ZThwrj96Ay",
            "genres": [
                "early french punk"
            ]
        },
        {
            "artist_name": "Genesis Renji",
            "artist_uri": "spotify:artist:7cEl8zx3ZhON0kgxD4fz0F",
            "genres": [
                "milwaukee hip hop"
            ]
        },
        {
            "artist_name": "Casanovas",
            "artist_uri": "spotify:artist:29JwBerAT0YALGfItKsEbT",
            "genres": [
                "dansband",
                "danspunk"
            ]
        },
        {
            "artist_name": "Pavel Svetlove",
            "artist_uri": "spotify:artist:1I8LHd7FomKPeL25dtHOpu",
            "genres": [
                "groove room"
            ]
        },
        {
            "artist_name": "Nayio Bitz",
            "artist_uri": "spotify:artist:3uAOAIxlYg7ApdYzuK607C",
            "genres": [
                "groove room"
            ]
        },
        {
            "artist_name": "Los Sabande\u00f1os",
            "artist_uri": "spotify:artist:0C2W3oO1ZE0u059B5uJiOd",
            "genres": [
                "bolero",
                "musica canaria"
            ]
        },
        {
            "artist_name": "Cliar",
            "artist_uri": "spotify:artist:1RWhtWuLzxqcPMIEqv9cwb",
            "genres": [
                "scottish gaelic folk"
            ]
        },
        {
            "artist_name": "Phil Cunningham and Aly Bain",
            "artist_uri": "spotify:artist:2tW2NRG7TyxwQ3W9xqb31v",
            "genres": [
                "scottish fiddle"
            ]
        },
        {
            "artist_name": "Joy Dunlop",
            "artist_uri": "spotify:artist:5wjeRCJxGRhy4KUcOpI0jX",
            "genres": [
                "scottish gaelic folk"
            ]
        },
        {
            "artist_name": "Die Velten",
            "artist_uri": "spotify:artist:2EvHQm5IWLALNg5wZPXe5t",
            "genres": [
                "chill beats"
            ]
        },
        {
            "artist_name": "Projeto Feijoada",
            "artist_uri": "spotify:artist:6dDoioulOOAdizMwNrcPvr",
            "genres": [
                "musica capixaba"
            ]
        },
        {
            "artist_name": "Empire ISIS",
            "artist_uri": "spotify:artist:1HYvYtSyfKyTmZBroXU8ql",
            "genres": [
                "reggae fusion"
            ]
        },
        {
            "artist_name": "DJ FAB",
            "artist_uri": "spotify:artist:251kGP5yVoik3SZIJfX9iE",
            "genres": [
                "commons"
            ]
        },
        {
            "artist_name": "Penthouse",
            "artist_uri": "spotify:artist:2PJMJEoqU5iTLDwKMl1zeA",
            "genres": [
                "uk noise rock"
            ]
        },
        {
            "artist_name": "The Monorchid",
            "artist_uri": "spotify:artist:314Xoo3vw8Wk6D51n7Ud78",
            "genres": [
                "post-hardcore"
            ]
        },
        {
            "artist_name": "Dan Melchior's Broke Revue",
            "artist_uri": "spotify:artist:2FO7ma9WG3Zc4rg3KN5Lb8",
            "genres": [
                "medway sound"
            ]
        },
        {
            "artist_name": "Karaoke Hits 2017",
            "artist_uri": "spotify:artist:5lczN2wBgkvn87EDyKKhdv",
            "genres": [
                "karaoke"
            ]
        },
        {
            "artist_name": "Joey Cough",
            "artist_uri": "spotify:artist:1vQgb9PvtWkULe6qDUtsm8",
            "genres": [
                "flint hip hop"
            ]
        },
        {
            "artist_name": "Malgudi Subha",
            "artist_uri": "spotify:artist:6AeYaKk3j2uxScmcPNYpHY",
            "genres": [
                "filmi"
            ]
        },
        {
            "artist_name": "Misstrip",
            "artist_uri": "spotify:artist:6gsa0l0q8pCX4P5Fjt9x4s",
            "genres": [
                "downtempo fusion"
            ]
        },
        {
            "artist_name": "Grim Tower",
            "artist_uri": "spotify:artist:5RrcrqR1qzXl4dur9cz9Sr",
            "genres": [
                "canadian psychedelic rock"
            ]
        },
        {
            "artist_name": "German Oak",
            "artist_uri": "spotify:artist:6LY0ZRNP13v0zOL4lEjxQz",
            "genres": [
                "krautrock"
            ]
        },
        {
            "artist_name": "Highway Robbery",
            "artist_uri": "spotify:artist:2gcuYFBFa5SjOLLqLBIMg8",
            "genres": [
                "psychedelic blues-rock"
            ]
        },
        {
            "artist_name": "Massiv3",
            "artist_uri": "spotify:artist:22HBKoiiXj1Klki0QDWcrr",
            "genres": [
                "kompa"
            ]
        },
        {
            "artist_name": "Bliss Nova",
            "artist_uri": "spotify:artist:0TdnFTtsWOGfCChmPmjXZe",
            "genres": [
                "ohio indie"
            ]
        },
        {
            "artist_name": "Jasiri X",
            "artist_uri": "spotify:artist:0w22faXziWJCUszyx0tJRF",
            "genres": [
                "pittsburgh rap"
            ]
        },
        {
            "artist_name": "Music With Sara",
            "artist_uri": "spotify:artist:1cABVo6syFtmujD1RKHf1h",
            "genres": [
                "musica para ninos"
            ]
        },
        {
            "artist_name": "La P\u00e1jara Pinta",
            "artist_uri": "spotify:artist:7pcjUM09Acxix0bGuq1cD9",
            "genres": [
                "musica para ninos"
            ]
        },
        {
            "artist_name": "Maryse Smith",
            "artist_uri": "spotify:artist:5EBD4gE5nZrFgM2BMNYLLC",
            "genres": [
                "vermont indie"
            ]
        },
        {
            "artist_name": "Kenny Hinson",
            "artist_uri": "spotify:artist:032PPqAlUWme8erDPq3NGx",
            "genres": [
                "southern gospel"
            ]
        },
        {
            "artist_name": "Scars of Amber",
            "artist_uri": "spotify:artist:2tLztUdTUaX2Ys4KRkEhLQ",
            "genres": [
                "deep active rock"
            ]
        },
        {
            "artist_name": "Amanda Lee Peers",
            "artist_uri": "spotify:artist:1Nf7bjVLaRCIHnfwPm78CM",
            "genres": [
                "deep talent show"
            ]
        },
        {
            "artist_name": "Adam Stafford",
            "artist_uri": "spotify:artist:65Q6LrgzabrFpjmMP7027u",
            "genres": [
                "scottish singer-songwriter"
            ]
        },
        {
            "artist_name": "Helge",
            "artist_uri": "spotify:artist:7L5RLePOg2UzHZGFSTH1tJ",
            "genres": [
                "dutch singer-songwriter"
            ]
        },
        {
            "artist_name": "Darlene & The Jokers",
            "artist_uri": "spotify:artist:0s48Te9YRFSmA1KmnaLDgF",
            "genres": [
                "vintage swoon"
            ]
        },
        {
            "artist_name": "Jos\u00e9 Mar\u00eda Vitier",
            "artist_uri": "spotify:artist:2pU3zCra2KV7VASEjqsVQC",
            "genres": [
                "trova"
            ]
        },
        {
            "artist_name": "El Aldeano",
            "artist_uri": "spotify:artist:5pnqPvqthNcpWyM64N9CxI",
            "genres": [
                "hip hop cubano"
            ]
        },
        {
            "artist_name": "Esther Borja",
            "artist_uri": "spotify:artist:5Ke6xf2KBT5xnoCa4oWyVE",
            "genres": [
                "bolero cubano"
            ]
        },
        {
            "artist_name": "Marco Bakano",
            "artist_uri": "spotify:artist:604w7FtZhOxc6yuYOfl1TY",
            "genres": [
                "cumbia sonidera"
            ]
        },
        {
            "artist_name": "Western Standard Time Ska Orchestra",
            "artist_uri": "spotify:artist:307wefpFQglED5zeNdeDSA",
            "genres": [
                "ska jazz",
                "traditional ska"
            ]
        },
        {
            "artist_name": "Kito Jempere",
            "artist_uri": "spotify:artist:1rcYZdCzi3poheNNvupX7K",
            "genres": [
                "float house",
                "russian electronic"
            ]
        },
        {
            "artist_name": "Aco Pejovic",
            "artist_uri": "spotify:artist:0Zn9sRvHmUizhxtQq53u32",
            "genres": [
                "narodna muzika",
                "sevdah",
                "turbo folk"
            ]
        },
        {
            "artist_name": "Animal Names",
            "artist_uri": "spotify:artist:3IT7YB0QUxFKRosddWdiIT",
            "genres": [
                "tulsa indie"
            ]
        },
        {
            "artist_name": "Claudio Tuma",
            "artist_uri": "spotify:artist:4FaSmZlU67rEDmhvLIPAPd",
            "genres": [
                "bossa nova jazz"
            ]
        },
        {
            "artist_name": "Philip Martin",
            "artist_uri": "spotify:artist:2X72KOr6m6W4E5vathVsXS",
            "genres": [
                "irish contemporary classical"
            ]
        },
        {
            "artist_name": "Hollywood Movies",
            "artist_uri": "spotify:artist:5HcJmLzLrMMEEKY93OdTW7",
            "genres": [
                "theme"
            ]
        },
        {
            "artist_name": "Basement Phil",
            "artist_uri": "spotify:artist:2l3ebuWhpNF6XXEXcBICOx",
            "genres": [
                "hardcore breaks"
            ]
        },
        {
            "artist_name": "\u0421\u0440\u0435\u0442\u0435\u043d\u0441\u043a\u0438\u0439 \u0445\u043e\u0440 \u041c\u043e\u0441\u043a\u043e\u0432\u0441\u043a\u0438\u0439 \u0421\u0440\u0435\u0442\u0435\u043d\u0441\u043a\u0438\u0439 \u043c\u043e\u043d\u0430\u0441\u0442\u044b\u0440\u044c",
            "artist_uri": "spotify:artist:67ooHbSxGPNMBVquUHpx6X",
            "genres": [
                "russian folk"
            ]
        },
        {
            "artist_name": "Effused",
            "artist_uri": "spotify:artist:2GejkBzxgLKOm94Av79qbz",
            "genres": [
                "euphoric hardstyle"
            ]
        },
        {
            "artist_name": "Exilium",
            "artist_uri": "spotify:artist:4Mwwbp7oYcrHssRQp0qS1d",
            "genres": [
                "euphoric hardstyle",
                "hardstyle"
            ]
        },
        {
            "artist_name": "Lizzle",
            "artist_uri": "spotify:artist:0WGI6V4j8CYV2LwRxLu0Us",
            "genres": [
                "dmv rap"
            ]
        },
        {
            "artist_name": "Luka Sambe",
            "artist_uri": "spotify:artist:7rQl0LxTSQSr3PLXiOruvZ",
            "genres": [
                "focus trance",
                "organic house"
            ]
        },
        {
            "artist_name": "Los Dominantes de San Luis",
            "artist_uri": "spotify:artist:5FBQNTW9ETNoYQ49yr50DF",
            "genres": [
                "musica potosina"
            ]
        },
        {
            "artist_name": "El Rencor del Norte",
            "artist_uri": "spotify:artist:42yUw1I3DYkezqJOA25Auc",
            "genres": [
                "musica potosina"
            ]
        },
        {
            "artist_name": "Caciques De San Luis Potosi",
            "artist_uri": "spotify:artist:4VxeAG46k9xq4oqpjPis92",
            "genres": [
                "musica potosina"
            ]
        },
        {
            "artist_name": "Elvis Presley & The Mello Men",
            "artist_uri": "spotify:artist:0GZe0Fi9iL4YVfdFbjMafs",
            "genres": [
                "movie tunes"
            ]
        },
        {
            "artist_name": "Michael Cashmore",
            "artist_uri": "spotify:artist:4wNDbmRk3LdSyVTuj4peDV",
            "genres": [
                "neofolk"
            ]
        },
        {
            "artist_name": "Frederic Talgorn",
            "artist_uri": "spotify:artist:3WbzTd7VEuV962sPmoyVHW",
            "genres": [
                "deep soundtrack",
                "french soundtrack"
            ]
        },
        {
            "artist_name": "Adam Zampino",
            "artist_uri": "spotify:artist:4eLX2lDIcpLrgNzB2eHyBm",
            "genres": [
                "christmas instrumental"
            ]
        },
        {
            "artist_name": "Dick Titty Blood Punch",
            "artist_uri": "spotify:artist:3XSYEdrbd2iJAbtPSmwveW",
            "genres": [
                "kentucky punk"
            ]
        },
        {
            "artist_name": "Jean Carlos",
            "artist_uri": "spotify:artist:3zkbEQouXdzjcD4cxoFuO9",
            "genres": [
                "cuarteto"
            ]
        },
        {
            "artist_name": "La banda de Carlitos",
            "artist_uri": "spotify:artist:1pmmkE3BIdh9pxHecU09Oo",
            "genres": [
                "cuarteto"
            ]
        },
        {
            "artist_name": "Banda Registrada",
            "artist_uri": "spotify:artist:5b8ySdgbXw0H8TPKUse1QA",
            "genres": [
                "cuarteto"
            ]
        },
        {
            "artist_name": "T. Thomason",
            "artist_uri": "spotify:artist:4qW3B9lAaefCiA5m5fUAZg",
            "genres": [
                "transpop"
            ]
        },
        {
            "artist_name": "MYTHS",
            "artist_uri": "spotify:artist:0gnLhR7AGedzoO1RDjhMOd",
            "genres": [
                "perth indie"
            ]
        },
        {
            "artist_name": "TJ Hooker-Taylor",
            "artist_uri": "spotify:artist:1RBJhaF2qgQCog3UmYasV9",
            "genres": [
                "southern soul blues"
            ]
        },
        {
            "artist_name": "Calapeso",
            "artist_uri": "spotify:artist:51EE1cyiRqzcOGGrxSo4Tq",
            "genres": [
                "reggaeton"
            ]
        },
        {
            "artist_name": "Orquestra Maravella",
            "artist_uri": "spotify:artist:02Ks72junSlXGHS7o8PjuU",
            "genres": [
                "catalan folk",
                "orquestas de galicia"
            ]
        },
        {
            "artist_name": "Grupo Vou Vivendo",
            "artist_uri": "spotify:artist:12uGu6PQ8H10KN81ElhsX2",
            "genres": [
                "choro"
            ]
        },
        {
            "artist_name": "Clay Hollis",
            "artist_uri": "spotify:artist:6TgIvoihzya5Cf6b5Eq5I1",
            "genres": [
                "texas country"
            ]
        },
        {
            "artist_name": "Native Nod",
            "artist_uri": "spotify:artist:1db6Ks0NQTUXWXDgpy62se",
            "genres": [
                "emocore",
                "post-hardcore",
                "screamo"
            ]
        },
        {
            "artist_name": "Mi von Ahn",
            "artist_uri": "spotify:artist:1mnDmzlcxnxJ5Z3Y55JiLb",
            "genres": [
                "swedish singer-songwriter",
                "umea indie"
            ]
        },
        {
            "artist_name": "Get Wet",
            "artist_uri": "spotify:artist:69vUB5BBarDyTccTGcDVhI",
            "genres": [
                "deep eurodance"
            ]
        },
        {
            "artist_name": "M. Ghibran",
            "artist_uri": "spotify:artist:1jk4tQjsGgPCD1UFAdVSQr",
            "genres": [
                "deep indian pop",
                "filmi",
                "tamil pop"
            ]
        },
        {
            "artist_name": "Dhibu Ninan Thomas",
            "artist_uri": "spotify:artist:1QHr8p3h0ayWLaaYK0X6bi",
            "genres": [
                "tamil pop"
            ]
        },
        {
            "artist_name": "Melvyn Tan",
            "artist_uri": "spotify:artist:2c632BS7iYPattjqz3UsXU",
            "genres": [
                "historical keyboard"
            ]
        },
        {
            "artist_name": "4arm",
            "artist_uri": "spotify:artist:5IN4smUkSuVZUkoNSO20S5",
            "genres": [
                "thrash-groove metal"
            ]
        },
        {
            "artist_name": "Snake & Jet's Amazing Bullit Band",
            "artist_uri": "spotify:artist:3kgdytBPytrRmvoVE94s7q",
            "genres": [
                "dance-punk"
            ]
        },
        {
            "artist_name": "Tony & Jackie Lamie",
            "artist_uri": "spotify:artist:7yiV5vvV6njiETcE7NAwSs",
            "genres": [
                "rhythm and boogie"
            ]
        },
        {
            "artist_name": "Doug Powell",
            "artist_uri": "spotify:artist:2wsMOrRsX8yjmNicp4D5xe",
            "genres": [
                "underground power pop"
            ]
        },
        {
            "artist_name": "Brave Irene",
            "artist_uri": "spotify:artist:21qmQCofxBU5VcxJWytoSu",
            "genres": [
                "indie fuzzpop"
            ]
        },
        {
            "artist_name": "Dongo",
            "artist_uri": "spotify:artist:4H7wgwp6mSTcg5Op2R8XW2",
            "genres": [
                "antilliaanse rap",
                "dutch rap pop"
            ]
        },
        {
            "artist_name": "Faiza Mujahid",
            "artist_uri": "spotify:artist:3EHt8CyaFjaukCZVjhlv8Z",
            "genres": [
                "pakistani indie"
            ]
        },
        {
            "artist_name": "Khashayar",
            "artist_uri": "spotify:artist:0xh69CGG5qoRLgYpS9xAYN",
            "genres": [
                "persian hip hop"
            ]
        },
        {
            "artist_name": "Joe Magnarelli",
            "artist_uri": "spotify:artist:4mkcf39pQB23yEXGGuFH0f",
            "genres": [
                "jazz trumpet"
            ]
        },
        {
            "artist_name": "Lifted Crew",
            "artist_uri": "spotify:artist:4QpmmzcaIRzvv4MzUxyWKq",
            "genres": [
                "rap metalcore"
            ]
        },
        {
            "artist_name": "Harishankar K.S.",
            "artist_uri": "spotify:artist:5fpTTOx8XFqPmHHjLwJxMs",
            "genres": [
                "mollywood"
            ]
        },
        {
            "artist_name": "Annemarie Eilfeld",
            "artist_uri": "spotify:artist:2sTRfU4EfiSz6b0tFwVAkH",
            "genres": [
                "schlager"
            ]
        },
        {
            "artist_name": "Ensemble Renaissance",
            "artist_uri": "spotify:artist:0sWhNsUtOegJs79qravwqS",
            "genres": [
                "early music ensemble"
            ]
        },
        {
            "artist_name": "Fatima Guedes",
            "artist_uri": "spotify:artist:7CL89g1CkLRKTxAcBFZ6XG",
            "genres": [
                "deep brazilian pop",
                "mpb"
            ]
        },
        {
            "artist_name": "Lula Galv\u00e3o",
            "artist_uri": "spotify:artist:1fjf6ys7DWMxBlHVVT8HTs",
            "genres": [
                "brazilian modern jazz",
                "violao",
                "violao classico"
            ]
        },
        {
            "artist_name": "M\u00e1rcia Salomon",
            "artist_uri": "spotify:artist:1hv7kP53BvJ7cdwzIeEibA",
            "genres": [
                "bossa nova jazz"
            ]
        },
        {
            "artist_name": "Caleb Elliott",
            "artist_uri": "spotify:artist:0ubsTbLcwOTtBgs9AqYafk",
            "genres": [
                "indie folk",
                "lafayette indie"
            ]
        },
        {
            "artist_name": "Derek Han",
            "artist_uri": "spotify:artist:30CWkYT1xe1SxXH7uvERZY",
            "genres": [
                "american classical piano"
            ]
        },
        {
            "artist_name": "Ivan Monighetti",
            "artist_uri": "spotify:artist:52wHBjKvjUsqO2n7SNf4NF",
            "genres": [
                "cello",
                "classical cello"
            ]
        },
        {
            "artist_name": "Dag Achatz",
            "artist_uri": "spotify:artist:5UcRZ865bUEieufOJc7iiA",
            "genres": [
                "nordic classical piano"
            ]
        },
        {
            "artist_name": "Wide Christmas",
            "artist_uri": "spotify:artist:1xGUQXid8iBMXZyZFCWGCo",
            "genres": [
                "christmas product"
            ]
        },
        {
            "artist_name": "Pedro Collares",
            "artist_uri": "spotify:artist:10uK3bT1gmBClZ7cG9JQNy",
            "genres": [
                "hangpan",
                "new tribe"
            ]
        },
        {
            "artist_name": "Natures's Rhythms",
            "artist_uri": "spotify:artist:6ePhhigWpEIsBockePDpvU",
            "genres": [
                "environmental"
            ]
        },
        {
            "artist_name": "Ashley Roberts",
            "artist_uri": "spotify:artist:1NWnDQKWfNEhQr2WfLUN0C",
            "genres": [
                "deep dance pop"
            ]
        },
        {
            "artist_name": "Denny Freeman",
            "artist_uri": "spotify:artist:2sCGPaXs1se0qKtGeXAgcv",
            "genres": [
                "blues-rock guitar",
                "texas blues"
            ]
        },
        {
            "artist_name": "Arthur Matos",
            "artist_uri": "spotify:artist:04pNdWsX2Gyizrd3K6NzUh",
            "genres": [
                "folk brasileiro",
                "musica sergipana"
            ]
        },
        {
            "artist_name": "The Mirage Theory",
            "artist_uri": "spotify:artist:1fcSNf4oCapKbueg9OVaiy",
            "genres": [
                "caribbean metal",
                "puerto rican metal"
            ]
        },
        {
            "artist_name": "Soledad Guerrero",
            "artist_uri": "spotify:artist:2mC6OvTH4wDXUVYofwCrki",
            "genres": [
                "pop chileno"
            ]
        },
        {
            "artist_name": "Osvaldo Rodriguez",
            "artist_uri": "spotify:artist:4HmLteLrhkJ7WIHTJIgKw0",
            "genres": [
                "nueva cancion"
            ]
        },
        {
            "artist_name": "Hello Kelly",
            "artist_uri": "spotify:artist:4pLj1MzY9yfjuImfRml6pY",
            "genres": [
                "canadian pop punk",
                "pop emo"
            ]
        },
        {
            "artist_name": "Peter Jablonski",
            "artist_uri": "spotify:artist:0mCOV3Lihl1xpkHv1ZY89E",
            "genres": [
                "nordic classical piano"
            ]
        },
        {
            "artist_name": "Wagogo",
            "artist_uri": "spotify:artist:6yKlbe18gC48kxtB84dTsw",
            "genres": [
                "tanzanian traditional"
            ]
        },
        {
            "artist_name": "Enock 'nox' Guni",
            "artist_uri": "spotify:artist:7m7gBKHduJLrtTMobSZOc0",
            "genres": [
                "zimdancehall"
            ]
        },
        {
            "artist_name": "Black Nite Crash",
            "artist_uri": "spotify:artist:3aWYp1DhsqCFF3SBEcqTQn",
            "genres": [
                "american shoegaze",
                "psych gaze",
                "seattle indie"
            ]
        },
        {
            "artist_name": "Fran O'Toole",
            "artist_uri": "spotify:artist:40aIRJmnVoNIEuS09BOiGy",
            "genres": [
                "irish country"
            ]
        },
        {
            "artist_name": "Anthonello de Caserta",
            "artist_uri": "spotify:artist:4m1vTlueP3mhl5TayI4WHr",
            "genres": [
                "ars subtilior",
                "italian renaissance",
                "medieval"
            ]
        },
        {
            "artist_name": "Skinny Friedman",
            "artist_uri": "spotify:artist:5I0KF0rPntZfGYo1yqf5ai",
            "genres": [
                "moombahton"
            ]
        },
        {
            "artist_name": "Rafeal Yepes Crespo con sus Negros de la Regi\u00f3n",
            "artist_uri": "spotify:artist:4owkv2yhoBeYVmpLbUKS9o",
            "genres": [
                "cumbia funk"
            ]
        },
        {
            "artist_name": "Ruffo Garrido y su Conjunto",
            "artist_uri": "spotify:artist:5LA6RnPG8INL2eYtrswDqK",
            "genres": [
                "cumbia funk"
            ]
        },
        {
            "artist_name": "Orquesta Ritmos de Sabanas",
            "artist_uri": "spotify:artist:5nSplPOkkhqyqM7kNtweDb",
            "genres": [
                "cumbia funk"
            ]
        },
        {
            "artist_name": "Baldomero Urieles con Efrian Burgos y su Conjunto",
            "artist_uri": "spotify:artist:3N6EuNg7k86EjyYPaU0V4X",
            "genres": [
                "cumbia funk"
            ]
        },
        {
            "artist_name": "Conjunto Mart\u00ednez",
            "artist_uri": "spotify:artist:0xpSJkfG31PExgTYcsVVrI",
            "genres": [
                "cumbia funk"
            ]
        },
        {
            "artist_name": "Los Alegres Bucaneros",
            "artist_uri": "spotify:artist:6MPaiN9nLlTckQozRlnJhx",
            "genres": [
                "cumbia funk"
            ]
        },
        {
            "artist_name": "Cresencio Salcedo",
            "artist_uri": "spotify:artist:0bkwHkfaN2BkyKoVcAJNKc",
            "genres": [
                "cumbia funk"
            ]
        },
        {
            "artist_name": "Betopey",
            "artist_uri": "spotify:artist:7sWudHJAaBv04olqM5rD8G",
            "genres": [
                "chicha",
                "cumbia funk"
            ]
        },
        {
            "artist_name": "Los Cumbiamberos de Chorrera",
            "artist_uri": "spotify:artist:1JdpmicQFlI20mdHyLdFwX",
            "genres": [
                "cumbia funk"
            ]
        },
        {
            "artist_name": "La Cumbia Solede\u00f1a",
            "artist_uri": "spotify:artist:2mM0BreuuyMJf80yVXavxW",
            "genres": [
                "cumbia funk"
            ]
        },
        {
            "artist_name": "Jaime Simanca y sus Fandangueros",
            "artist_uri": "spotify:artist:1mfPcvrIS0WB9fEhTlIibU",
            "genres": [
                "cumbia funk"
            ]
        },
        {
            "artist_name": "Aniceto Molina y su Conjunto",
            "artist_uri": "spotify:artist:32m9f8u5pFPuZvPL3ARJ1S",
            "genres": [
                "cumbia funk"
            ]
        },
        {
            "artist_name": "Banda 11 de Enero de Murillo",
            "artist_uri": "spotify:artist:7CvZt2fi8ZVhVsj2vmJrBk",
            "genres": [
                "cumbia funk"
            ]
        },
        {
            "artist_name": "Lucho Campillo y su Conjunto",
            "artist_uri": "spotify:artist:6yG2JYr2j6Iec49H6Rhjn7",
            "genres": [
                "cumbia funk"
            ]
        },
        {
            "artist_name": "Banda 2da de Laguneta C\u00f3rdoba",
            "artist_uri": "spotify:artist:51WMU6pgAWNlSAp6rpQb6K",
            "genres": [
                "cumbia funk"
            ]
        },
        {
            "artist_name": "El Pholy Combo",
            "artist_uri": "spotify:artist:0tGf4sAa2RcpeHwVDJs4Tv",
            "genres": [
                "cumbia funk"
            ]
        },
        {
            "artist_name": "Grupo Costa Brava",
            "artist_uri": "spotify:artist:2T7jTtmtoo5Ed9HRV8nvxG",
            "genres": [
                "cumbia funk"
            ]
        },
        {
            "artist_name": "El\u00edas Mor\u00f3n y su Conjunto Vallenato",
            "artist_uri": "spotify:artist:2319vGY9sRLxEpXBhvsfRK",
            "genres": [
                "cumbia funk"
            ]
        },
        {
            "artist_name": "El Ni\u00f1o Llora",
            "artist_uri": "spotify:artist:58iJSPb98xn2VBHHsgXSNt",
            "genres": [
                "cumbia funk"
            ]
        },
        {
            "artist_name": "Bachelor Girl",
            "artist_uri": "spotify:artist:4KQNF34GIZZWL10tS3XNTk",
            "genres": [
                "australian pop",
                "australian rock"
            ]
        },
        {
            "artist_name": "The Cherry Coke$",
            "artist_uri": "spotify:artist:6GWciujSDoDzAAEcDp48sp",
            "genres": [
                "j-poprock",
                "japanese celtic",
                "japanese melodic punk"
            ]
        },
        {
            "artist_name": "Sparhawks",
            "artist_uri": "spotify:artist:21ndmXr2TL1kI6yec2sZPa",
            "genres": [
                "instrumental math rock"
            ]
        },
        {
            "artist_name": "Bes Kallaku",
            "artist_uri": "spotify:artist:6zFvShngxbE2EspCNBWkHI",
            "genres": [
                "albanian pop"
            ]
        },
        {
            "artist_name": "Miguel Angel Tzul, Su Marimba Orquesta",
            "artist_uri": "spotify:artist:26Ti5lvExa4F03ifoud20q",
            "genres": [
                "marimba orquesta",
                "musica tropical guatemalteca"
            ]
        },
        {
            "artist_name": "Tony Ferraro & the Satans of Soft Rock",
            "artist_uri": "spotify:artist:03b2cX29g8Evz23UaunJrc",
            "genres": [
                "denton tx indie"
            ]
        },
        {
            "artist_name": "Cugini Di Campagna",
            "artist_uri": "spotify:artist:3PxABgbDMeYxPK9GGjNg4j",
            "genres": [
                "classic italian pop"
            ]
        },
        {
            "artist_name": "Wesley Tuttle",
            "artist_uri": "spotify:artist:2OM8Js25UINgoReF8erBUy",
            "genres": [
                "vintage swing"
            ]
        },
        {
            "artist_name": "Mehnaz",
            "artist_uri": "spotify:artist:0CbyoZqwO11jQ1me84srfP",
            "genres": [
                "classic pakistani pop",
                "ghazal"
            ]
        },
        {
            "artist_name": "Born From Pain",
            "artist_uri": "spotify:artist:29BUhhygenDpPj5pat2oOR",
            "genres": [
                "beatdown",
                "hardcore",
                "lowlands hardcore"
            ]
        },
        {
            "artist_name": "Regulate",
            "artist_uri": "spotify:artist:64O5oavSEHRyQBGxOU0ewd",
            "genres": [
                "metallic hardcore",
                "new jersey hardcore",
                "nyhc"
            ]
        },
        {
            "artist_name": "devthbed",
            "artist_uri": "spotify:artist:4S5lpWvzoD5KcR3WaTAxTx",
            "genres": [
                "metallic hardcore"
            ]
        },
        {
            "artist_name": "Vicious Embrace",
            "artist_uri": "spotify:artist:6VZiJl1qIZXgLrjxA7jjmd",
            "genres": [
                "metallic hardcore"
            ]
        },
        {
            "artist_name": "Stab",
            "artist_uri": "spotify:artist:71lM8LEpoiDjTn1YxKZAfp",
            "genres": [
                "h8000"
            ]
        },
        {
            "artist_name": "Tears Of Gaia",
            "artist_uri": "spotify:artist:0v9wtJ8RH086ROLTwgFOJF",
            "genres": [
                "vegan straight edge"
            ]
        },
        {
            "artist_name": "Rhythm Of Fear",
            "artist_uri": "spotify:artist:13NP0482ZXaSHNVnAStZTC",
            "genres": [
                "jacksonville indie"
            ]
        },
        {
            "artist_name": "SOFIA ORTHODOX CHOIR",
            "artist_uri": "spotify:artist:5dinmpeUzCYLN6YjwDLzmz",
            "genres": [
                "orthodox chant"
            ]
        },
        {
            "artist_name": "Corydon Singers",
            "artist_uri": "spotify:artist:5zWCI0kUobhANvFkAqOV6A",
            "genres": [
                "british choir"
            ]
        },
        {
            "artist_name": "The Chamber Choir Eesti Projekt",
            "artist_uri": "spotify:artist:4ZOqRt1UnfSiMm92BrJ7NG",
            "genres": [
                "baltic choir",
                "chamber choir"
            ]
        },
        {
            "artist_name": "Moscow Cathedral Choir",
            "artist_uri": "spotify:artist:7pxPHTNbUCVzqcuavrpi7j",
            "genres": [
                "russian choir"
            ]
        },
        {
            "artist_name": "KITKA Women's Vocal Ensemble",
            "artist_uri": "spotify:artist:5ssffUsqZhVZ90qFlRJqSN",
            "genres": [
                "orthodox chant"
            ]
        },
        {
            "artist_name": "Morriston Orpheus Male Choir",
            "artist_uri": "spotify:artist:4KBcj3kinApe173K6GoiG0",
            "genres": [
                "men's choir",
                "welsh choir"
            ]
        },
        {
            "artist_name": "The Dreaming Spires",
            "artist_uri": "spotify:artist:1aBiUxupK6X4H6J8yWfPA0",
            "genres": [
                "uk americana"
            ]
        },
        {
            "artist_name": "Kirpi",
            "artist_uri": "spotify:artist:3uC2qmxruTjdCkjvvd4odm",
            "genres": [
                "world chill"
            ]
        },
        {
            "artist_name": "Bongoloverz",
            "artist_uri": "spotify:artist:2tmlDI877fqlNCT8HU5tg4",
            "genres": [
                "world chill"
            ]
        },
        {
            "artist_name": "Uyarakq",
            "artist_uri": "spotify:artist:24BbGwIkrl7m0fX2NReeZl",
            "genres": [
                "greenlandic pop"
            ]
        },
        {
            "artist_name": "Jack Whitehall",
            "artist_uri": "spotify:artist:6JW1oOTpE9MRieBkpM8uhC",
            "genres": [
                "british comedy"
            ]
        },
        {
            "artist_name": "Rhod Gilbert",
            "artist_uri": "spotify:artist:76GimhwWuzMJIsIPfpYw7c",
            "genres": [
                "british comedy"
            ]
        },
        {
            "artist_name": "Hal Cruttenden",
            "artist_uri": "spotify:artist:35njpUqcL8bDRyatNGhvnY",
            "genres": [
                "british comedy"
            ]
        },
        {
            "artist_name": "Tommy Dassalo",
            "artist_uri": "spotify:artist:6qcNCliM55AXrnQgItndk3",
            "genres": [
                "australian comedy"
            ]
        },
        {
            "artist_name": "The Killer Barbies",
            "artist_uri": "spotify:artist:56yLECeTwcGv8OoIS9ycwP",
            "genres": [
                "punk galego",
                "spanish punk"
            ]
        },
        {
            "artist_name": "Electric Ocean People",
            "artist_uri": "spotify:artist:6hgFdF9dAMoet6HthsPDwv",
            "genres": [
                "hamburg indie"
            ]
        },
        {
            "artist_name": "Raphy Rey Y Su Ministerio De Musica",
            "artist_uri": "spotify:artist:1JUsDqiDgTq9AvMonYS3Vk",
            "genres": [
                "deep latin christian"
            ]
        },
        {
            "artist_name": "Gatanga Boys Band",
            "artist_uri": "spotify:artist:5dsjA8TQ0piNelFQ1c6pTJ",
            "genres": [
                "kikuyu pop"
            ]
        },
        {
            "artist_name": "Avozinho",
            "artist_uri": "spotify:artist:2FydD247tc92GmTqoPKQyd",
            "genres": [
                "semba"
            ]
        },
        {
            "artist_name": "Os Bongos",
            "artist_uri": "spotify:artist:2ingaxvldWuALgAeBXR5Ps",
            "genres": [
                "semba"
            ]
        },
        {
            "artist_name": "\u0410\u0441\u043b\u0430\u043d \u0422\u043b\u0435\u0431\u0437\u0443",
            "artist_uri": "spotify:artist:5cGxn5mQM1wdid76oP5bjf",
            "genres": [
                "circassian folk",
                "kavkaz",
                "lezginka"
            ]
        },
        {
            "artist_name": "DNA & Yanzee",
            "artist_uri": "spotify:artist:091C71s2sdlhxnXb2FlZqc",
            "genres": [
                "reggaeton flow"
            ]
        },
        {
            "artist_name": "Ethio Star",
            "artist_uri": "spotify:artist:64Jkl60c9EhiQHGMF0QOvs",
            "genres": [
                "eritrean pop"
            ]
        },
        {
            "artist_name": "Greg Copeland",
            "artist_uri": "spotify:artist:3PCczoQjBCdRvRaN40mHUb",
            "genres": [
                "german blues"
            ]
        },
        {
            "artist_name": "Melchor Y Su Grupo Ruido De Tierra Caliente",
            "artist_uri": "spotify:artist:5GY2v10HJ7A1iJvBNk1mYG",
            "genres": [
                "banda caliente"
            ]
        },
        {
            "artist_name": "Dubmatique",
            "artist_uri": "spotify:artist:4uIMmnG9v9BVqSJbwhieny",
            "genres": [
                "hip hop quebecois"
            ]
        },
        {
            "artist_name": "G.Lamond",
            "artist_uri": "spotify:artist:7vz3CwFvAaEwfoYL8c2bcG",
            "genres": [
                "freestyle"
            ]
        },
        {
            "artist_name": "Lizzette Melendez",
            "artist_uri": "spotify:artist:1xjE7nXR8tK8FQBgmvA1q1",
            "genres": [
                "freestyle"
            ]
        },
        {
            "artist_name": "Drakos",
            "artist_uri": "spotify:artist:2yEEGP3iBkcYyheYCUdrc3",
            "genres": [
                "ska chileno"
            ]
        },
        {
            "artist_name": "Lonely China Day",
            "artist_uri": "spotify:artist:7Go1ivWRqmAnT32kmJ2f3i",
            "genres": [
                "chinese experimental",
                "chinese indie rock",
                "chinese post-rock"
            ]
        },
        {
            "artist_name": "Gemini Trip",
            "artist_uri": "spotify:artist:1nwvoTuESmvMor8TsaBDXb",
            "genres": [
                "chinese indie rock"
            ]
        },
        {
            "artist_name": "P.K. 14",
            "artist_uri": "spotify:artist:0pPxbMpxTtkh15mvvjewGV",
            "genres": [
                "chinese indie",
                "chinese indie rock",
                "chinese post-punk"
            ]
        },
        {
            "artist_name": "Re-TROS",
            "artist_uri": "spotify:artist:3iW4UAZQOJEXLW7L3H04gm",
            "genres": [
                "chinese indie",
                "chinese indie rock",
                "chinese post-punk"
            ]
        },
        {
            "artist_name": "Hikaru Shirosu",
            "artist_uri": "spotify:artist:3WJfB0QSAWAO283H19gL5a",
            "genres": [
                "japanese piano"
            ]
        },
        {
            "artist_name": "Joyside",
            "artist_uri": "spotify:artist:4m1va2zJxoDRUMymK3Fzrd",
            "genres": [
                "chinese indie",
                "chinese indie rock",
                "chinese punk"
            ]
        },
        {
            "artist_name": "Waking Lights",
            "artist_uri": "spotify:artist:7pvQ7DK29Uol9zLrKNSDMg",
            "genres": [
                "new jersey indie"
            ]
        },
        {
            "artist_name": "Velvet Two Stripes",
            "artist_uri": "spotify:artist:7pbcgkLjLsiXKYoKvdmW9g",
            "genres": [
                "swiss alternative rock"
            ]
        },
        {
            "artist_name": "Joseph Knight",
            "artist_uri": "spotify:artist:2a0zPYynaBapOQ9UX8RYHK",
            "genres": [
                "nottingham indie"
            ]
        },
        {
            "artist_name": "Gulf",
            "artist_uri": "spotify:artist:7C95RHs9T9KCEyHfKg5x73",
            "genres": [
                "liverpool indie"
            ]
        },
        {
            "artist_name": "Sly Boots",
            "artist_uri": "spotify:artist:1LuAAcxbTc91rWMdm3tLpG",
            "genres": [
                "deep downtempo fusion"
            ]
        },
        {
            "artist_name": "The Homophones",
            "artist_uri": "spotify:artist:2wR7EPpIHCkYCUR5aBPD8B",
            "genres": [
                "queercore"
            ]
        },
        {
            "artist_name": "The Reason",
            "artist_uri": "spotify:artist:0caZ2plITb5HPl6pq1DvoA",
            "genres": [
                "hamilton on indie"
            ]
        },
        {
            "artist_name": "Wallas",
            "artist_uri": "spotify:artist:3G6kiCpJv8DlJfPCIAwWhu",
            "genres": [
                "metal guitar"
            ]
        },
        {
            "artist_name": "Fire Island",
            "artist_uri": "spotify:artist:6RVHPTrG0lPI2p4GwaHOX4",
            "genres": [
                "garage house"
            ]
        },
        {
            "artist_name": "Dvine Brothers",
            "artist_uri": "spotify:artist:5fzSSNHQXicULlcQqBpMh3",
            "genres": [
                "afro house"
            ]
        },
        {
            "artist_name": "Lilac Jeans",
            "artist_uri": "spotify:artist:27ZrKWqTYzWEiVxD9QY8IW",
            "genres": [
                "afro house"
            ]
        },
        {
            "artist_name": "Workin' Happliy",
            "artist_uri": "spotify:artist:6Akh1kFa7mZUE8xQ1CSRQo",
            "genres": [
                "garage house"
            ]
        },
        {
            "artist_name": "Sir LSG",
            "artist_uri": "spotify:artist:2Uy7rPXDCqkd90ksG3sgt0",
            "genres": [
                "afro house"
            ]
        },
        {
            "artist_name": "Jadi Torres",
            "artist_uri": "spotify:artist:2qK5GWkN7jKSM5GOAzD564",
            "genres": [
                "rap cristiano"
            ]
        },
        {
            "artist_name": "Berkes Oliv\u00e9r",
            "artist_uri": "spotify:artist:7x7ch1YH8rILlZ2p4g0OlS",
            "genres": [
                "eurovision",
                "hungarian pop"
            ]
        },
        {
            "artist_name": "4everfreebrony",
            "artist_uri": "spotify:artist:1xJOA9ybBICyL4Y6Pz40UQ",
            "genres": [
                "pony"
            ]
        },
        {
            "artist_name": "Biel Ballester",
            "artist_uri": "spotify:artist:1OuWJDxfpuEdlNvLLnN2st",
            "genres": [
                "gypsy jazz"
            ]
        },
        {
            "artist_name": "Lars Bartkuhn",
            "artist_uri": "spotify:artist:1LnmRVWmQ6KILkjb8ep0zW",
            "genres": [
                "broken beat",
                "frankfurt electronic"
            ]
        },
        {
            "artist_name": "VMC",
            "artist_uri": "spotify:artist:1bdHbg5JDLrrFCEG5lJPg5",
            "genres": [
                "circuit"
            ]
        },
        {
            "artist_name": "Restless Mashaits",
            "artist_uri": "spotify:artist:5QOXUDX4XbVpx7F1nzLCv0",
            "genres": [
                "dub reggae"
            ]
        },
        {
            "artist_name": "Fearless Iranians From Hell",
            "artist_uri": "spotify:artist:1mFADMlkzouzvlHLjLhY43",
            "genres": [
                "crossover thrash",
                "texas hardcore",
                "texas punk"
            ]
        },
        {
            "artist_name": "Earthreaxe",
            "artist_uri": "spotify:artist:2Fa2QQaUQRbRjGSvq27n7g",
            "genres": [
                "thai hip hop"
            ]
        },
        {
            "artist_name": "Non Tanon",
            "artist_uri": "spotify:artist:0xm9QC55B3ID2zJHjSOR5T",
            "genres": [
                "thai idol",
                "thai indie rock",
                "thai pop"
            ]
        },
        {
            "artist_name": "Twopee Southside",
            "artist_uri": "spotify:artist:4ElNwSJyLhUjurznOPLmRn",
            "genres": [
                "thai hip hop",
                "thai pop",
                "thai trap"
            ]
        },
        {
            "artist_name": "Pomerium",
            "artist_uri": "spotify:artist:7bOtcnLJxTHcM3HtLBLGaE",
            "genres": [
                "american early music",
                "choral",
                "early music choir"
            ]
        },
        {
            "artist_name": "Antoine Bo\u00ebsset",
            "artist_uri": "spotify:artist:6LNlFXtrM7I8hyCeSqcq4u",
            "genres": [
                "baroque",
                "french baroque"
            ]
        },
        {
            "artist_name": "McCarty-Hite Project",
            "artist_uri": "spotify:artist:6Jxgx1BVzPlvCmGMwaBPCm",
            "genres": [
                "blues-rock guitar"
            ]
        },
        {
            "artist_name": "The Four Blues",
            "artist_uri": "spotify:artist:5hCJdyMHf5K8ie6Dl2nig0",
            "genres": [
                "vocal harmony group"
            ]
        },
        {
            "artist_name": "Jimmie Gordon",
            "artist_uri": "spotify:artist:6XrOb8biVVH7gH09AIjB7l",
            "genres": [
                "chicago blues",
                "jump blues"
            ]
        },
        {
            "artist_name": "Baron Lee & The Blue Rhythm Band",
            "artist_uri": "spotify:artist:1Z4ysfoOFZvaL4iQVq0YaH",
            "genres": [
                "vintage swing"
            ]
        },
        {
            "artist_name": "Luis Ferc\u00e1n",
            "artist_uri": "spotify:artist:5zEzsy3xqiIuOBBzHyNeCS",
            "genres": [
                "spanish rock"
            ]
        },
        {
            "artist_name": "Sean Tyrrell",
            "artist_uri": "spotify:artist:1aW2EHfu09S8SuoikLfF7o",
            "genres": [
                "irish folk"
            ]
        },
        {
            "artist_name": "Orchestre r\u00e9gional de Segou",
            "artist_uri": "spotify:artist:1z0qMYZI7SQdFUeIUAZf60",
            "genres": [
                "malian traditional"
            ]
        },
        {
            "artist_name": "Clou",
            "artist_uri": "spotify:artist:7DPzuksj4fnGIb4F9dVswN",
            "genres": [
                "czech rock",
                "nouvelle chanson francaise"
            ]
        },
        {
            "artist_name": "Dixie Melody Boys",
            "artist_uri": "spotify:artist:3giafP93atGtCLqzphONA1",
            "genres": [
                "southern gospel"
            ]
        },
        {
            "artist_name": "(Echo)",
            "artist_uri": "spotify:artist:5F9Hx1FJzngOxtK2G5G8xr",
            "genres": [
                "melodic doom"
            ]
        },
        {
            "artist_name": "The 101's",
            "artist_uri": "spotify:artist:334ajKSWCZiLWBy4rd1RtJ",
            "genres": [
                "dutch punk rock"
            ]
        },
        {
            "artist_name": "Moacyr Franco",
            "artist_uri": "spotify:artist:3RcYwgJMwT88VPivNwlIza",
            "genres": [
                "pop nacional antigas",
                "sertanejo tradicional",
                "velha guarda"
            ]
        },
        {
            "artist_name": "Baby Ahk",
            "artist_uri": "spotify:artist:5OuQHWY62jcsbjybtomMSS",
            "genres": [
                "dmv rap"
            ]
        },
        {
            "artist_name": "Prosumer",
            "artist_uri": "spotify:artist:4wFHE4uuRMt3OlUPBf1fYq",
            "genres": [
                "minimal tech house",
                "scottish electronic"
            ]
        },
        {
            "artist_name": "4pro",
            "artist_uri": "spotify:artist:6FHYWus0lHMgilNu0AE4CQ",
            "genres": [
                "danish hip hop"
            ]
        },
        {
            "artist_name": "Sektor 9",
            "artist_uri": "spotify:artist:4n8wT9XabE452rA7PH8nP2",
            "genres": [
                "jumptek"
            ]
        },
        {
            "artist_name": "For A Jumper",
            "artist_uri": "spotify:artist:3uesTmxH1LJgzfJtocZt10",
            "genres": [
                "belgian dance"
            ]
        },
        {
            "artist_name": "The Retro Project",
            "artist_uri": "spotify:artist:6HOWFr1Uh7DCU8kYYtzb9x",
            "genres": [
                "belgian dance"
            ]
        },
        {
            "artist_name": "Dj Liberty",
            "artist_uri": "spotify:artist:5MBZ7DY8kZRew9S5fjKrgf",
            "genres": [
                "belgian dance",
                "jumpstyle",
                "jumptek"
            ]
        },
        {
            "artist_name": "DJ Zof",
            "artist_uri": "spotify:artist:1mCqKPkdUP0qwmHWCteRwT",
            "genres": [
                "jumptek"
            ]
        },
        {
            "artist_name": "Sonic Solutions",
            "artist_uri": "spotify:artist:2W0gRy9siO9TG98lS1wIu8",
            "genres": [
                "jumptek"
            ]
        },
        {
            "artist_name": "OverDrive Division",
            "artist_uri": "spotify:artist:3Xa7rXld5hoKbDVMpKw72u",
            "genres": [
                "hands up"
            ]
        },
        {
            "artist_name": "The Vamprockerz",
            "artist_uri": "spotify:artist:2Y2InJsSWYczvLetjnX3HO",
            "genres": [
                "hands up",
                "pop house"
            ]
        },
        {
            "artist_name": "RobKay",
            "artist_uri": "spotify:artist:4I9HmEzTNuJgLTn3l1iACD",
            "genres": [
                "hands up"
            ]
        },
        {
            "artist_name": "Bruno Mali Kidd",
            "artist_uri": "spotify:artist:6AljI1I2PKLgDlGmnz80Nr",
            "genres": [
                "miami hip hop"
            ]
        },
        {
            "artist_name": "Hoshina Anniversary",
            "artist_uri": "spotify:artist:4GS5E4aNdIR4yuswso1DZV",
            "genres": [
                "japanese electronic"
            ]
        },
        {
            "artist_name": "Jiory",
            "artist_uri": "spotify:artist:4RLGPkFaRFlkPNFzVbcd6k",
            "genres": [
                "bachata dominicana"
            ]
        },
        {
            "artist_name": "Smith & Jones",
            "artist_uri": "spotify:artist:171aXKWT9OcPjKHkzfKE7U",
            "genres": [
                "australian americana"
            ]
        },
        {
            "artist_name": "B\u00e9zu",
            "artist_uri": "spotify:artist:19PiQlHhv7p67DdnYnnijF",
            "genres": [
                "chanson paillarde",
                "classic french pop"
            ]
        },
        {
            "artist_name": "Casey Barnes",
            "artist_uri": "spotify:artist:1WN3NClJsEUzhRjTLSpt60",
            "genres": [
                "australian country"
            ]
        },
        {
            "artist_name": "Substep Infrabass",
            "artist_uri": "spotify:artist:6CrnddzWLyuKOvTgRV89If",
            "genres": [
                "deathstep",
                "substep",
                "tekno"
            ]
        },
        {
            "artist_name": "Dapanji",
            "artist_uri": "spotify:artist:1oY2JNaGUd6Z5KSEF1TmMt",
            "genres": [
                "full on"
            ]
        },
        {
            "artist_name": "Felix Gray",
            "artist_uri": "spotify:artist:6G02QSb22twlGR7BzPiS3h",
            "genres": [
                "classic french pop"
            ]
        },
        {
            "artist_name": "Orquestra Albatroz",
            "artist_uri": "spotify:artist:0Ziniqmk3nwm9QnKH41xna",
            "genres": [
                "world meditation"
            ]
        },
        {
            "artist_name": "Rise N Shine Band",
            "artist_uri": "spotify:artist:15vbBDoUXMr1tGGpdALKKP",
            "genres": [
                "reggae rock"
            ]
        },
        {
            "artist_name": "Galenskaparna & After Shave",
            "artist_uri": "spotify:artist:1yP4vKrljoPWZofWJchg0E",
            "genres": [
                "classic swedish pop",
                "danspunk"
            ]
        },
        {
            "artist_name": "The Brotherhood",
            "artist_uri": "spotify:artist:1xDsWU7oF0H0kS4aMmsfdx",
            "genres": [
                "deep east coast hip hop"
            ]
        },
        {
            "artist_name": "Jah Prayzah",
            "artist_uri": "spotify:artist:13JLy7UFJgqRypeQGbucP3",
            "genres": [
                "mbira",
                "zimdancehall"
            ]
        },
        {
            "artist_name": "Ammara Brown",
            "artist_uri": "spotify:artist:7rdv5YasBkB6Q9m2MNTMO8",
            "genres": [
                "mbira",
                "zimdancehall"
            ]
        },
        {
            "artist_name": "Killer T",
            "artist_uri": "spotify:artist:5rPCVRBtbbyJwgtnbCMY90",
            "genres": [
                "azontobeats",
                "zimdancehall"
            ]
        },
        {
            "artist_name": "Thelman Houston",
            "artist_uri": "spotify:artist:0jd4JuN20AXn2e9NewjBYa",
            "genres": [
                "disco"
            ]
        },
        {
            "artist_name": "Barnet",
            "artist_uri": "spotify:artist:7uAq9aTeQN8u8CmpEVCC2M",
            "genres": [
                "swedish americana"
            ]
        },
        {
            "artist_name": "Anima Virus",
            "artist_uri": "spotify:artist:3mVHLvexwHNl9gGZUNg6fh",
            "genres": [
                "corrosion"
            ]
        },
        {
            "artist_name": "Belfegore",
            "artist_uri": "spotify:artist:2UUoFIJTre1N3as7uERcj7",
            "genres": [
                "dusseldorf electronic",
                "neue deutsche todeskunst"
            ]
        },
        {
            "artist_name": "The Arch",
            "artist_uri": "spotify:artist:5aoP94sUpNDszpiNJgtcDK",
            "genres": [
                "belgian new wave"
            ]
        },
        {
            "artist_name": "Bloody Dead And Sexy",
            "artist_uri": "spotify:artist:47YmKMWnvn1TfBanzvAUTc",
            "genres": [
                "deathrock",
                "gothic rock"
            ]
        },
        {
            "artist_name": "New Days Delay",
            "artist_uri": "spotify:artist:7ka2OQwiT5tBm1eR49nQbM",
            "genres": [
                "deathrock",
                "gothic rock"
            ]
        },
        {
            "artist_name": "Ordo Rosarius Equilibrio / Spiritual Front",
            "artist_uri": "spotify:artist:2SORwAZdhJNefZGgJrvPQQ",
            "genres": [
                "neofolk"
            ]
        },
        {
            "artist_name": "Forthcoming Fire",
            "artist_uri": "spotify:artist:5gcHwUwsNXZkcjyg09sHp3",
            "genres": [
                "neofolk"
            ]
        },
        {
            "artist_name": "Prophetess",
            "artist_uri": "spotify:artist:1iNUIMdsuBtFiLykqr6rlB",
            "genres": [
                "gothic rock"
            ]
        },
        {
            "artist_name": "Echo West",
            "artist_uri": "spotify:artist:73LQj0ciIQXxYG8mJSfOCH",
            "genres": [
                "minimal synth",
                "minimal wave"
            ]
        },
        {
            "artist_name": "Garden Of Delight",
            "artist_uri": "spotify:artist:1vqgaHcBnb6efa2CLMd8Mi",
            "genres": [
                "corrosion"
            ]
        },
        {
            "artist_name": "In Fields",
            "artist_uri": "spotify:artist:34hPsBygEkGJcso5akToxC",
            "genres": [
                "nu disco"
            ]
        },
        {
            "artist_name": "Widelows",
            "artist_uri": "spotify:artist:4X0XeiUK8WF9DhW81u6jlH",
            "genres": [
                "filthstep"
            ]
        },
        {
            "artist_name": "Evil Maniax",
            "artist_uri": "spotify:artist:4WeLAEX9dLJpkHYS73Bt2x",
            "genres": [
                "deep hardcore"
            ]
        },
        {
            "artist_name": "Eternal Classic Audio Books",
            "artist_uri": "spotify:artist:0IvkFOzIGibOreT4Ez9Yyj",
            "genres": [
                "drama"
            ]
        }
    ]
}